RI_gene,mean_prop_RI,mean_n_puncta,beta,sd,beta_adj
AKT3,0.8809362689998024,4.094959590915166,"-5.52 (-5.55,-5.49)",5.1807275030353175,"-1.07 (-1.07,-1.06)"
ARID1B,0.8589488552922384,3.0775920483686803,"-2.63 (-2.65,-2.6)",3.423240069393066,"-0.77 (-0.77,-0.76)"
MALAT1,0.9750190534855098,2.072313363988083,"-1.22 (-1.24,-1.21)",1.5259500518882496,"-0.8 (-0.81,-0.79)"
POLR2A,0.784696001896479,2.750201468073236,"-3.49 (-3.51,-3.47)",3.337150166688143,"-1.05 (-1.05,-1.04)"
snRNA-seq sum,NA,NA,"-21844.07 (-22172.45,-21515.68)",15560.760352892083,"-1.33 (-1.35,-1.31)"
